Country,Total Articles
USA,6439
UK,1449
Canada,1030
Peoples R China,994
Australia,853
France,593
Spain,535
Netherlands,475
Germany,428
Italy,219
Taiwan,211
Belgium,208
Switzerland,169
South Korea,165
Finland,163
New Zealand,146
Denmark,127
India,122
Sweden,119
Portugal,114
Norway,107
Turkey,91
Singapore,85
South Africa,84
Ireland,73
Brazil,71
Austria,58
Israel,57
CANADA,51
Pakistan,47
Mexico,46
Malaysia,46
Lebanon,39
U Arab Emirates,37
Slovenia,31
David,29
Greece,29
Japan,24
Egypt,21
Indonesia,20
Russia,20
Saudi Arabia,19
Colombia,17
Thailand,17
Vietnam,16
Nigeria,16
Maria,15
Cyprus,14
Robert,13
Poland,13
Estonia,13
Chile,12
Argentina,12
Jeroen,11
Pablo,11
Tunisia,11
Andrea,11
James,10
Lithuania,10
AUSTRALIA,10
John,10
Kuwait,9
Daniel,9
Costa Rica,9
Jordan,9
Jennifer,9
Hungary,9
Thomas,9
Juan,8
Romania,8
Trinidad Tobago,8
NEW ZEALAND,8
Michael,8
Czech Republic,8
Tobias,7
Andreas,7
HONG KONG,7
Stefan,7
Gary,7
Anna,7
Peter,7
Jose,7
Peru,7
Kevin,6
Morocco,6
Hoje,6
Laura,6
Mari,6
Nick,6
George,6
Croatia,6
Rachel,6
Barbara,6
Shenjiang,6
Christian,6
North Macedonia,6
Armenio,6
Paul,6
Ricardo,6
Eva,5
SOUTH AFRICA,5
Lisa,5
Felix,5
Min,5
Olivier,5
Alexander,5
Denise,5
Yuan,5
Moritz,5
Gregory,5
NETHERLANDS,5
Cameroon,5
Wim,5
Javier,5
Sandra,5
Chris,5
Mario,5
JAPAN,5
Alan,5
Qatar,5
Dan,5
Anne,5
Ghana,5
Marco,5
Caroline,5
Oman,5
Iceland,5
Claudia,5
Rafael,5
Christopher,5
Jane,4
Muhammad,4
Leon,4
Kenya,4
Jason,4
Catherine,4
Tim,4
Ho Kwong,4
Ernesto,4
Anna-Maija,4
Martin,4
Nadia,4
Matthias,4
Johanna,4
Nicola,4
Francesco,4
S. Prakash,4
Dirk,4
Charbel Jose Chiappetta,4
Sophie,4
Matthew,4
Philipp,4
Miguel,4
Young Kyun,4
Alex,4
Cynthia,4
Rob,4
R. Edward,4
Xin,4
Patrick,4
Kenneth,4
Claude,4
Jian,4
Jingqiu,4
Alina S. Hernandez,4
Kathleen,4
Luxembourg,3
Michelle,3
Ying,3
Sebastian,3
Ian,3
Sally,3
Amanda,3
Brigitte,3
Enrique,3
Steven,3
Real,3
Xing,3
Throstur Olaf,3
Susanne,3
Charles,3
Francisco,3
Zhe,3
Giacomo,3
Lars,3
Roberto,3
Olga,3
Zhi Xing,3
Camille,3
Sean,3
Shane,3
Sandrine,3
Eric,3
Taru,3
Stefano,3
Yang,3
Patricia,3
Xingqiang,3
Verena,3
Manuel,3
Cristina,3
Premilla,3
Victoria,3
Amal,3
Wendy,3
Maiju,3
Harald,3
Tessa,3
Carola,3
Johan,3
Kathryn,3
Reyes,3
Roberta,3
Don,3
Jenny,3
Tine,3
Jerry,3
Dima,3
Simone,3
Sarah,3
G. Tyge,3
Sabrina,3
Sebnem,3
Virginia,3
Philippines,3
Niels,3
Anastasia,3
Diana,3
Bruce,3
Anthony,3
Federica,3
Adrian,3
Margaret,3
Andre,3
Mark,3
Bosnia & Herceg,3
Erik,3
Francois,3
Kate,3
Graham,3
Ran,3
Guangming,3
Elizabeth Prior,3
Emanuele,3
Natalia,3
Nicholas,3
Mauritius,3
Carlos,3
Bangladesh,3
Mary,3
Ans,3
Lucas,3
Iran,2
Jose-Luis,2
Lijing,2
Fiona,2
Kristine Velasquez,2
Jing,2
SINGAPORE,2
Susanna,2
Ron,2
Pamela,2
Kristen,2
Cheng-Li,2
Willemijn,2
Vlad,2
Mehdi,2
Emma,2
Bjoern,2
Sonia,2
Susana,2
Esben Rahbek Gjerdrum,2
Madelynn,2
Jingyu,2
Julan,2
Xiao,2
Raysa Geaquinto,2
Krzysztof,2
Abdulgawi Salim,2
Edward,2
Long,2
Taieb,2
Carmen,2
Shun-Pin,2
Yaoshan,2
Jorge,2
Hao,2
Samuel Michael,2
Layla,2
Katharina,2
Julia,2
Dayuan,2
Nicole,2
Jianhong,2
Yi-Hui,2
Monique,2
Arne,2
Marion,2
Scott,2
Philippe,2
Cam,2
Jinhua,2
H. Onur,2
Yanping,2
D. Jordan,2
Cedric,2
Leif Atle,2
Armin Pircher,2
Florian,2
Vera,2
Samuel Petros,2
GERMANY,2
Elfi,2
Joona,2
Quan,2
Alison,2
Luigina,2
Mahesh,2
Oriol,2
Xue,2
Randy,2
Helen,2
Tuure,2
ISRAEL,2
Gregor,2
Julian,2
Jan,2
Serbia,2
Mohamed,2
Raymond,2
Alvaro,2
Yu-Shu,2
Marshall,2
Clodia,2
Dave,2
Scott John,2
Giovanni,2
Xiaoming,2
Isabel,2
Wei,2
H. Jack,2
Maria Virginia,2
Kristen Bell,2
Alice,2
Isabelle,2
Nikil,2
Lorea,2
Timothy,2
Ruth,2
Jacob,2
Zhilong,2
Maria del Mar Garcia,2
Christos,2
Hongdan,2
Lifeng,2
K. Gregory,2
Mohammed,2
Stijn,2
Carolin,2
Bill,2
Eduardo,2
Ramiro,2
Yan,2
Uwe,2
Smaranda,2
Ralph,2
Isabel Costa,2
Alaa Mansour,2
Greg,2
Toto,2
Begona,2
Nelarine,2
Rene,2
Christof,2
Tanja,2
Errol,2
Antoinette,2
Kristin,2
Sven,2
Stefania,2
Anna Katharina,2
Jeremy,2
Valerie Priscilla,2
Ryan,2
Kim,2
Ken,2
Alessandra,2
Jie,2
Siv,2
Irene,2
Ho Fai,2
Malta,2
Karin,2
Hans,2
SWITZERLAND,2
Andres,2
Rui,2
Yau-De,2
Stewart,2
Hagen,2
Sarit,2
Xiaohong,2
Els,2
K. Praveen,2
Jordi,2
Salvador,2
Gavin,2
Jean-Marie,2
Mukesh,2
Thorsten,2
Chellie,2
Gro Ellen,2
Longinos,2
Glen,2
Markus,2
Yaping,2
Kiridaran,2
Lan,2
Frederick,2
Kerstin,2
Arifur,2
Marlene,2
E. Holly,2
Obaa Akua,2
Godwin,2
PEOPLES R CHINA,2
Elizabeth,2
Rania,2
Arthur,2
Wolfgang,2
Dorothee,2
Hong Kong,2
Subrata,2
Siyi,2
RUSSIA,2
Natalija,2
Joakim,2
Liuyang,2
Stephen,2
Stephanie,2
Emilia,2
Shenggang,2
Melanie,2
Kostas,2
Abdul,2
Naomi,2
Louise,2
Minna-Maaria,2
Elina,2
Uganda,2
Luca,2
Fernando,2
Slovakia,2
Weiqiang,2
Justin,2
Aric Xu,2
Elena,2
Jonathan,2
Wassili,2
Keke,2
Mette,2
Luis,2
Mariateresa,2
Jeff,2
Dean,2
Megan,2
Saad,2
Steve,2
Anneli,2
G. Elijah,2
Pornsit,2
Omid,2
Xinmei,2
Jessica,2
Simon,2
Kazakhstan,2
Prisca,2
Clinton,2
Marc,2
Meri,2
Nicolas,2
Bryan,2
Paula,2
Marko,2
Pedro,2
Karen,2
Sen,2
Jun,2
Nathan,2
Soon-Yeow,2
Bradley,2
Michele,2
Zhen,2
Ofelia,2
Jean-Marc,2
Pascal,2
Sybille,2
Claudio,2
Ukraine,2
Luigino,2
Pramodita,2
Maxim,2
Jeanette,2
Silvia,2
Marylyn,2
Asghar,2
Shahzad,1
Ling,1
Yuri,1
Arnaldo,1
Max,1
Ben,1
Wan Norhasniah Wan,1
Bram,1
Marie-Laure,1
Xin-an,1
Jerome,1
Lee,1
Charbel Jose,1
Hannes,1
Jane Frecknall,1
Roger,1
Lucio,1
Young-Ryeol,1
Zakaria Ali,1
Shelagh,1
Samir,1
Helena,1
Chung-Leung,1
Praveen,1
Sukanto,1
Tinghua,1
Tamsin,1
Huong,1
Douglas,1
Ace Volkmann,1
Jernej,1
Katri,1
Lijijana,1
Kelsy,1
Cyrlene,1
Sandro,1
Yuntao,1
Andriyawan,1
Barjinder,1
Meng,1
Hermann,1
Nilupulee,1
Chia-chen,1
Benedicte,1
Patrizia,1
Yusuf Munir,1
Heather,1
Matthes,1
Manuel Au-Yong,1
Cheryl,1
Liang-Hung,1
Annika,1
R. Mitch,1
Wendy Mason,1
Mireille,1
Monle,1
Mark Lee,1
Craig,1
Morgane,1
Tania,1
Al-Karim,1
Audur Arna,1
Yusuf,1
Yulin,1
JoAndrea,1
Saskia,1
Dong-Jin,1
Zheyuan,1
Petra,1
Chieh-Yu,1
Meena,1
Haibin,1
Chun Keung,1
Ariane Berthoin,1
Maretno,1
Will,1
Ziliang,1
Gina,1
Katriina,1
Liming,1
Marcel,1
Chantal,1
Tae Wan,1
Jeffery,1
Monaco,1
Clement,1
Nan Young,1
Maja,1
Rajesh,1
Jana,1
Wei-Ping,1
Alyssa,1
Hsien Chun,1
J. Tuomas,1
Mijntje,1
Claus,1
Jean-Christophe,1
A. Wren,1
Narongsak,1
Yaheng,1
Amr,1
Marcio de Oliveira,1
Long-Zeng,1
Ozlem,1
Roy,1
Nianqi,1
Jamie-Lee,1
Tolga,1
Konstantina,1
Katrin,1
Yuanyuan,1
Zoltan,1
Nadja,1
Jack,1
Hyun Soon,1
Ljiljana,1
Hsing-Chau,1
Trevor,1
Auke,1
Lixuan,1
Ming,1
Waqar,1
Daniele,1
Avi,1
Teppo,1
Christofer,1
E. Julie,1
Wenxuan,1
Wenwen,1
Mulyadi,1
Bibek,1
Jin-hui,1
Dong-Hyun,1
Savu,1
Chin-ta,1
Zed,1
Anu,1
Duli,1
Hye Jung,1
Shaojuan,1
Chanhoo,1
Anna-Lena,1
Xiuyuan,1
Tarek,1
Wen,1
Silke Astrid,1
Stacey,1
Hong,1
Panagiota,1
Gunter,1
Yi-Ting,1
Itai,1
Guli-Sanam,1
DENMARK,1
Michelle Xue,1
Fuxiu,1
Jong-Hun,1
Louis,1
Edina,1
Claus-Heinrich,1
Evelyne,1
Nazim,1
Theresa,1
Shufeng,1
Giuseppe,1
Amal Hayati,1
Marann,1
Celine,1
Ehsan,1
Colina,1
Themin,1
Sophie Esmann,1
Guangyong,1
Fred Amofa,1
Lori,1
Edwina,1
Yingqi,1
Maria Francisca,1
Vikash Kumar,1
Tomasz,1
Abdullah Hasan,1
Angel,1
Miriam,1
Mireia,1
Paulo Renato,1
Arman,1
Lijun,1
Birger Boutrup,1
Lavanya,1
Jaywon,1
Cindy,1
Zhanna,1
Corinna,1
POLAND,1
Joaquin,1
Sadia,1
Abdullah,1
Emiel,1
Sefa,1
Klemens,1
Mirjam,1
Therese,1
Hakkon,1
Ying-Tzu,1
E. Guenter,1
Mustafa,1
Ann-Louise,1
Tracy Jun-Feng,1
Leslie,1
Juliane,1
Yunchul,1
Jagjit,1
Blanche,1
Lotte,1
Juelin,1
Karl,1
Teri Elkins,1
Kit-Chun Joanna,1
Achim,1
Diego,1
Michal,1
Mohammad Badrul,1
Bindu,1
[Tam Thien Vo,1
Zhefeng Frank,1
Madelijne,1
Zhihua,1
Ignacio,1
Cyril,1
Hongjin,1
Vivien Kim Geok,1
Alina,1
Jose Atilano,1
Irena,1
Shanthy,1
Marie-Christine,1
William,1
Gordon,1
Yong,1
Andranik,1
Silvana,1
Oscar,1
Deqiu,1
Pui Fong,1
Ronald,1
Ase Marie,1
Ram Nayan,1
Sylvia,1
Mladen,1
Deanna,1
T. Dongmin,1
Frederic,1
Libing,1
Joon Sung,1
Heungsik,1
Kai Chi,1
Hojae,1
Ipsu,1
Christiane Marie,1
Noman,1
Renata,1
Mamta,1
Shuili,1
Katrina,1
Mingzhi,1
Gerdien,1
Thyra Uth,1
Anna Clare,1
Jesper,1
Chechen,1
Feng,1
Franciska,1
Aamir Firoz,1
Kais,1
Ursa,1
Eun-Kyoung,1
Dolors,1
Jean-Pierre,1
Chaminda,1
Cathy Yang,1
Shalini,1
Anna Lena,1
Maria Cadiz,1
Marius,1
Jee Hyun,1
Ralf,1
Devon,1
Derek,1
Dong-Hong,1
Hua,1
Francesca,1
Kanika Tandon,1
Won Yong,1
MuiChing Carina,1
Xiangyang,1
Janne,1
Suzy,1
Milena,1
Niek,1
Theodora,1
Pinar Celikkol,1
Yei-Yi,1
Radzi,1
Maxwell,1
Luke,1
[Thang Van Nguyen,1
Krishna,1
Sara,1
Audrey,1
Suchuan,1
Puneet,1
Birte,1
Fabiola,1
Florence,1
Manuel Carlos,1
M. Carmen,1
Selma,1
Rahat,1
Kwame Ohene,1
Gregorio,1
J. Brooke,1
Pat,1
Suvi,1
Raphie,1
Eleni,1
Torvald,1
Chad,1
Massimiliano Matteo,1
Stephan,1
Andrew,1
Theodore,1
Frances,1
Supriti,1
Rozaimah,1
Rongbing,1
Zaili,1
Wanda,1
Janie Harden,1
Pratima,1
Carl,1
Isabel-Maria,1
Fotios,1
Shouyu,1
Liesbeth,1
Giovanni Maria,1
Gustavo,1
Chun-Hsi Vivian,1
Magdalena,1
Julie,1
Junfang,1
Kok Wei,1
Weichieh,1
Pilar,1
Chung-wen,1
Amber Y-P,1
Farai,1
Jillian,1
Katarina Katja,1
Ivy,1
Ayn,1
Millicent,1
Abdul Ghafar,1
Prithi,1
Manon,1
Swapnil,1
Risto,1
Alyson,1
Jayasankar,1
Fidel,1
Lei,1
N. Craig,1
Walid,1
Omrane,1
Jin,1
Dasaratha,1
Nils Christian,1
Shike,1
Shaojian,1
Christophe,1
Qin,1
Wanxian,1
Matias,1
Ali Osman,1
Jeffrey,1
Juliana Guedes,1
Chen,1
Lixin,1
Karoline,1
Nitika,1
Kun Tracy,1
Donna,1
Marek,1
Toru,1
Beverly,1
Rebecca Toppe,1
Lilian,1
Jean-Francois,1
Ding-Yu,1
ECUADOR,1
Tanusree,1
G. Venkat,1
Latvia,1
Moonkyu,1
Zhuoying,1
Daniela,1
Lauren,1
Lin,1
Jin Ho,1
Gillian,1
Bogdan,1
Meral,1
Anne Leonore,1
Maarten,1
Oyku,1
Dong,1
Hsiang-Lin,1
Mai Chi,1
K. Kathy,1
Wang,1
Fabio,1
Ugo,1
Thomas Li-Ping,1
Heli,1
Remi,1
Xiangmin,1
Nooraisah,1
Finola,1
Nicki,1
Sutharson,1
Monia,1
Daejoong,1
Heung-Jun,1
Timothy Paul,1
Chenqian,1
Kristina,1
I-Heng,1
Magalie,1
Wally,1
Jiawei Sophia,1
Celia,1
Antonio,1
Alina Beattrice,1
Junzhao,1
Polona,1
Leire,1
Eran,1
Yongtao,1
Kristian,1
Joanna,1
Zeyue,1
Jia Fei,1
Herbert,1
Gyeonghwan,1
Canan,1
Adele,1
Ginger,1
Leigh Plunkett,1
Gergely,1
Jiemiao,1
Ilaria,1
Loc,1
Joanne,1
Jaehyung,1
Yajun,1
Avshalom Madhala,1
Marjolein,1
Youri,1
Ghulam,1
Lamberto,1
Armenia,1
Jaydeep,1
Jiatao,1
Bao,1
Jigao,1
Ayesha,1
Issam,1
Janusz,1
Valerio,1
Heidi von Weltzien,1
Mieneke,1
Kareen,1
Spyros,1
Sergio,1
Minzhi,1
Monomita,1
Charlotte,1
Deyuan,1
Frank,1
Desiree,1
Jang,1
Brent,1
Claudius,1
Xanat Vargas,1
Niranjan,1
Kirsten,1
Fang,1
Jay Heon,1
Shiu-Wan,1
Ziwei,1
TURKEY,1
Long-Chuan,1
Ezequiel,1
Rea,1
PHILIPPINES,1
Heng,1
S. Sai,1
Syed Azeem,1
Costanza,1
Zeynep,1
Mattia,1
Debbie,1
Paraskevas,1
Mijia,1
Rong-An,1
Sebastien,1
Gokhan,1
Amalia,1
Curtis,1
Nataia,1
Weiling,1
Dov,1
Malouke Esra,1
Burkard,1
Wolf,1
Nuria,1
Niko,1
Joy,1
Jean-Philippe,1
Yuhyung,1
Patrice,1
Tahniyath,1
Robert Allen,1
Josep Maria,1
Kwong Sin,1
Tiziana,1
Hung-Chang,1
Noor,1
Ester,1
Amlan,1
Tuomo,1
Noel Yee-Man,1
Pam Scholder,1
Livia,1
Heedong,1
Chiara,1
Adam,1
Yuanqiong,1
Aleksandra,1
Rosaria,1
Thomas Boysen,1
Saar,1
Nader,1
Chu-Ding,1
Beatrice,1
Jialing,1
Charlotte Emily,1
Wided,1
Yolanda,1
Feten,1
Yuliya,1
Danny,1
Maree,1
Nathalie,1
III,1
Ros,1
Linda,1
Taolin,1
Christoph,1
Emmeke Barbara,1
Manuka,1
So Young,1
Tanzania,1
Muhammad Aftab,1
John Michael,1
Foo Nin,1
Anni-Kaisa,1
Dries,1
Marjut,1
Jon,1
Luuk,1
Sirui,1
Juhyun,1
Hannah,1
Mike,1
Roscoe Conan,1
Ziqi,1
Jimmy,1
Arsalan Mujahid,1
Brooke Fisher,1
Seongtae,1
Elisa,1
Tjidde,1
Svenja,1
Lammertjan,1
Shaik Mahmood,1
Ulpiana,1
Ahmed Mohammed Sayed,1
Bruno,1
Cassandra,1
Ajnesh,1
Olubunmi,1
Stuart,1
Maira,1
Suman,1
Mehmet,1
Devan,1
Dana,1
Alasdair,1
Anis,1
Mahmoud,1
Geoff,1
Keston,1
Catharina,1
Isaline,1
Ali Iftikhar,1
Jose Luis,1
Axel,1
Sareh,1
Weihui,1
Carrie,1
Malu,1
Rahul,1
Dalia,1
Ayse Begum,1
Pei-Chi,1
Suzanne,1
Ruiqian,1
Carine,1
Omer,1
Victor,1
Grant,1
Amit,1
Jihyeon,1
Mona,1
Franziska,1
Tae-Won,1
Juliette,1
Neil,1
WenChi,1
Yves,1
Oana,1
Marie-France,1
Luying,1
Marta,1
Elias,1
Oliver,1
Russell,1
Katia,1
Carmela,1
Lilian Soares,1
Kanti,1
Tiyas Kurnia,1
Semra,1
Yuchao,1
Hugo,1
Bouchra,1
Shaomin,1
Dongjing,1
Ogeday,1
Mieke,1
Lonneke,1
Sona,1
Janice,1
Ali,1
Joshua,1
M. Tom,1
Jasmin,1
Jukka,1
H. Kristl,1
Hyejeong,1
Linda Mary,1
Aly,1
Ugur,1
Gwarlann,1
Silke,1
Carolyn Strand,1
G. Stoney,1
Jaakko,1
Shamsun,1
M. Kemal,1
Youngsang,1
Aysegul,1
Jianxin,1
Berangere,1
Agnes,1
Adela,1
Alejandro,1
Wenrui,1
Luminita,1
Harvinder,1
Bernard,1
Yongtae,1
Lulamile,1
Eleanor,1
Yijing,1
Ibrahim,1
Yi-Ching,1
Dimitrios,1
Ziva,1
O. Dorian,1
Byungjin,1
Amama,1
Jae Hyeung,1
Lutz,1
Khairul,1
Guillaume,1
Johannes,1
Yueqiao,1
Remus,1
Kirsti,1
Jeroimo,1
Carmel,1
Mohammad,1
Ramendra,1
Timo,1
Gunjan,1
Guido,1
Ming-Tien,1
Adeline,1
Libya,1
Lode,1
Ulrich,1
Matej,1
Ataur Rahman,1
Nirosha Hewa,1
Gloria Xiaocheng,1
Yi-Pin,1
Deborah,1
Taylor,1
Jeong-Bon,1
Ramzi,1
Dendi,1
Joerg,1
Zhu,1
Angelo,1
[Huong Van Vu,1
Bahtisen,1
Ho-Kong,1
Peppi-Emilia,1
Leigh,1
JAMAICA,1
Carole,1
Charalampos,1
Fredrik,1
Sun Young,1
Tongyu,1
Palvi,1
Ziya,1
Belen,1
Maria Dolores,1
Orly,1
Marilyn,1
Tiina,1
Mingpeng,1
Dongseop,1
Emilio,1
Mehran,1
Tuomas,1
FRANCE,1
Gladys,1
Xiaoshuang,1
Ruediger,1
Ingo,1
Chia-Chin,1
Friederike,1
Dominika,1
Fiji,1
Adelien,1
Edwin,1
Ting,1
Qi-tao,1
Joe,1
Kohyar,1
Breeda,1
Vijaya,1
Hyun Jun,1
Sihai,1
Xiaoyu,1
Prue,1
Pritam,1
Elke Hindina,1
Bernd,1
Mia,1
Denton,1
Kalliopi,1
Mikko,1
Steffen,1
Angeles,1
Loren,1
INDIA,1
Yuanto,1
Maria Ceu,1
Montgomery,1
Sharon,1
Cormac,1
Pallab,1
Fara,1
Lindi Renier,1
Bin,1
Dessalegn,1
Tulin,1
Mollie,1
Nieves,1
Alexandro,1
Sviatoslav,1
Bianca,1
Placide,1
Kleio,1
Gabriel,1
Yunieta,1
Adang,1
Fred,1
Almudena,1
Yotam,1
Chirag,1
Madhu,1
Hari,1
Marloes,1
Xuezhou,1
Ricky,1
Rodrigo,1
Valentina,1
Junsheng,1
Sougata,1
Jari,1
Chun-Tuan,1
Aurelien,1
Eva-Maria,1
Noor Hazlina,1
Akanksha,1
Hsiu-Huei,1
Daniella,1
Zulfiquer Ali,1
Rico,1
Fue,1
Nina,1
Merja,1
Emmanuelle,1
Florinda,1
Jose-Manuel,1
Kristel,1
Jean-Noel,1
Sungchul,1
Dolf,1
Hwee Ping,1
Yongkang,1
Saoure,1
Chieh-Peng,1
Yohan,1
Seong-Hyun,1
Kosheek,1
Julia Patrizia,1
Dinah,1
Juergen,1
Crawford,1
Quentin,1
Hsin-Hsuan Meg,1
Marisa,1
Allison,1
Allan,1
J. Barton,1
Pertti,1
Irina,1
Walton,1
Bayu Taufiq,1
JianAn,1
Dewi,1
Jiyun,1
Guillermina,1
Belaid,1
Susan,1
Bonnie,1
Wenchang,1
Thierry,1
Ethiopia,1
Xiaotao Kelvin,1
Xiao-Ling,1
Angelica,1
Chenghao,1
BaoChun,1
Junha,1
Shuang,1
Guel Selin,1
Gita,1
Jawad,1
Raul,1
Dominik,1
Yin-Hua,1
Josh,1
Prabashi,1
Veronica,1
Yanju,1
Monder,1
Yany,1
Oluseyi,1
Francesc,1
Fariborz,1
Yiwei,1
Michaela,1
Raminta,1
Margot,1
Marcus,1
Ladislao Luna,1
Emmanuella,1
Yongduk,1
Elisabeth,1
Daphne,1
Vikram,1
Karan,1
Mirella,1
Barbados,1
Cornelia,1
Changsu,1
Ishrat,1
Necati,1
Haozhi,1
Mateja Kos,1
Peipei,1
Sang-Eun,1
Linda Annala,1
Leo,1
Paulina Man Kei,1
Soonkyoo,1
Prakash,1
Late,1
Paul Maurice,1
Qinxuan,1
ChungMing,1
Erin,1
Sri Lanka,1
Navneet,1
Svetlana,1
Yongmei,1
Christine,1
Pierre,1
Donald,1
Peixu,1
Omneya,1
Zhichuan Frank,1
Adi,1
Yuyuan,1
Pascale,1
Hong-Nan,1
Damodar,1
Jialin,1
Rajiv,1
Cong,1
Jamie,1
Othmar Manfred,1
Yuanhua,1
Chin-Shan,1
Gabriela,1
Renaud,1
Haina,1
Petya,1
Xiaojun,1
Kubilay,1
Yuhui,1
Santiago,1
Lynne,1
Aimin,1
Dimitria,1
Wenlong,1
Valeria,1
Pavel,1
Sandy,1
Domenico,1
Yonghong,1
Friederike Sophie,1
Nico,1
Sunyu,1
Tamara,1
Gerson Francis,1
Juana,1
Yongqiang,1
Darryl,1
Sijing,1
Travis,1
Tianni,1
Eun-Ju,1
Harrison,1
MALAYSIA,1
Salme,1
Wentao,1
Jodie,1
Eliane,1
Victor Jesus,1
Kelly,1
Camelia,1
Nora,1
Kamel,1
Haiying,1
Brendan,1
Dennis,1
Antje,1
Deirdre,1
Chun-Hsiung,1
J. William,1
M. Sandy,1
Benedetto Lorenzo,1
Haseeb Ahmed,1
Mingzhu,1
Armand,1
Natasa,1
Guifeng,1
Riku,1
Pia,1
Biying,1
Carolina Serrano,1
Junting,1
Cass,1
Raj,1
Laury,1
Haitao,1
Subin,1
Mehrdokht,1
Iris,1
John Ehsman,1
Adriaan,1
Petr,1
Fritz,1
Maria del Mar,1
Katherine,1
Joao,1
Elka,1
Cherise,1
Wayne,1
Justine,1
Christiana,1
Zheng,1
Mojca,1
Zhen Xiong,1
Byungki,1
Kallol,1
Roman,1
Tony,1
Chi-Shiun,1
Fong,1
Gail Lynn,1
Leanne,1
Fangjun,1
Chris Reinders,1
Sandra Leonara,1
Joan,1
Yuxiang,1
Xinming,1
Sanja,1
Marie,1
Amelia,1
Kai,1
Venezuela,1
Homagni,1
Asma,1
Muneeb Ul Lateef,1
Massimo,1
Yidong,1
Joele,1
Richard,1
Rebecca,1
Gerwin,1
Babatunde,1
BaoWen,1
Shimin,1
Samuel,1
Thibaut,1
Maureen,1
Anusorn,1
Kim Bartel,1
Kumju,1
Wencke,1
Weiyin,1
Manuela,1
Marie-Aude,1
Mandi,1
Pieter Jan,1
Ana,1
